id,direction,entry_time,exit_time,entry_price,exit_price,size,fee,pnl,reason,fs,tr
1,long,2025-01-01T15:30:00+00:00,2025-01-02T14:00:00+00:00,3352.07,3456.204871053272,0.895,2.4374,90.7633,SL,0.9653,0.8215
3,short,2025-01-02T21:00:00+00:00,2025-01-03T04:30:00+00:00,3452.06,3457.43,0.9479,2.6198,-7.71,Replace,-0.2959,-0.0652
4,short,2025-01-03T04:30:00+00:00,2025-01-03T14:00:00+00:00,3457.43,3504.696719729071,0.9398,2.6172,-47.0385,SL,1.0737,1.3329
2,long,2025-01-02T16:30:00+00:00,2025-01-04T01:00:00+00:00,3468.78,3597.018467448836,0.9434,2.6663,118.3138,SL,0.4647,0.4612
5,long,2025-01-04T11:30:00+00:00,2025-01-05T01:30:00+00:00,3601.21,3638.239200156995,0.9616,2.7846,32.8227,SL,-1.0102,-1.382
6,long,2025-01-06T01:30:00+00:00,2025-01-06T16:30:00+00:00,3647.69,3696.170643929868,0.9764,2.8682,44.4683,SL,-0.0668,-0.0779
7,short,2025-01-07T03:00:00+00:00,2025-01-08T00:00:00+00:00,3679.65,3407.437311608881,1.0041,2.8465,270.4823,SL,0.2954,0.3722
8,long,2025-01-08T18:00:00+00:00,2025-01-09T08:30:00+00:00,3324.11,3308.55,1.3556,3.5965,-24.6896,Replace,-1.3407,-1.4786
10,long,2025-01-09T08:30:00+00:00,2025-01-09T13:30:00+00:00,3308.55,3235.100307137196,1.3396,3.5063,-101.8996,SL,-1.7401,-1.9831
9,short,2025-01-09T06:00:00+00:00,2025-01-09T15:00:00+00:00,3325.29,3279.0113993644804,1.3552,3.5801,59.1367,SL,-0.51,-0.4282
11,long,2025-01-14T14:30:00+00:00,2025-01-15T09:00:00+00:00,3190.33,3219.9821438111735,1.3491,3.4593,36.5444,SL,-0.4263,-0.5044
12,short,2025-01-15T06:00:00+00:00,2025-01-15T13:30:00+00:00,3218.18,3274.1077693191055,1.3374,3.4731,-78.2709,SL,0.5069,0.5416
13,long,2025-01-16T10:30:00+00:00,2025-01-16T14:30:00+00:00,3332.21,3267.001511862508,1.2541,3.3104,-85.0884,SL,-1.0184,-1.0559
15,short,2025-01-16T20:30:00+00:00,2025-01-17T10:00:00+00:00,3335.31,3413.569718078499,1.1764,3.1758,-95.2405,SL,0.5109,0.6221
14,long,2025-01-16T16:00:00+00:00,2025-01-17T13:30:00+00:00,3349.13,3399.067623309901,1.1715,3.1622,55.3397,SL,-0.6878,-1.1271
16,long,2025-01-17T15:00:00+00:00,2025-01-18T01:30:00+00:00,3416.17,3462.953771133963,1.1135,3.064,49.0298,SL,0.5378,0.3232
17,long,2025-01-20T13:30:00+00:00,2025-01-21T16:00:00+00:00,3342.28,3316.25,1.1821,3.1484,-33.9185,Replace,-1.2038,-1.3145
18,long,2025-01-21T16:00:00+00:00,2025-01-22T19:30:00+00:00,3316.25,3261.5,1.1607,3.0539,-66.6022,Replace,0.4775,0.4599
20,long,2025-01-22T19:30:00+00:00,2025-01-23T04:30:00+00:00,3261.5,3195.452694437931,1.1189,2.8899,-76.7902,SL,-1.5392,-1.7837
19,short,2025-01-21T23:00:00+00:00,2025-01-23T13:30:00+00:00,3313.87,3225.6379320284223,1.1615,3.0383,99.4433,SL,-0.1783,-0.1233
21,long,2025-01-23T20:30:00+00:00,2025-01-24T15:30:00+00:00,3246.5,3377.274842392359,1.145,3.0337,146.7035,SL,-0.2959,-0.5113
22,long,2025-01-28T17:30:00+00:00,2025-01-28T20:30:00+00:00,3166.11,3095.870656625547,1.3131,3.289,-95.5203,SL,-0.8087,-0.8734
23,long,2025-01-29T20:00:00+00:00,2025-01-30T20:30:00+00:00,3160.84,3245.4845551176827,1.2246,3.1381,100.5176,SL,0.2066,-0.1485
24,short,2025-01-31T02:30:00+00:00,2025-01-31T11:00:00+00:00,3246.62,3303.116373848154,1.2851,3.3668,-75.9703,SL,1.2397,1.5673
25,long,2025-01-31T09:30:00+00:00,2025-01-31T17:00:00+00:00,3265.42,3388.8762495835426,1.2778,3.4011,154.3513,SL,0.1566,-0.0111
26,long,2025-02-01T16:00:00+00:00,2025-02-01T19:00:00+00:00,3261.0,3201.907690910832,1.3516,3.4941,-83.3633,SL,-0.5515,-0.7595
27,long,2025-02-03T15:00:00+00:00,2025-02-04T01:00:00+00:00,2674.76,2833.5057717645345,1.5543,3.4246,243.314,SL,0.1252,0.0507
28,long,2025-02-04T23:00:00+00:00,2025-02-05T14:30:00+00:00,2705.13,2774.795696923054,1.8067,3.9602,121.9048,SL,-1.79,-1.9106
30,long,2025-02-06T09:30:00+00:00,2025-02-06T12:30:00+00:00,2850.3,2778.128652746507,1.843,4.1493,-137.1611,SL,1.3434,1.292
29,short,2025-02-06T00:30:00+00:00,2025-02-07T07:00:00+00:00,2766.04,2718.918276552414,1.8991,4.1666,85.3223,SL,1.1259,1.2999
31,long,2025-02-08T07:30:00+00:00,2025-02-08T13:30:00+00:00,2628.13,2620.23,1.9396,4.0719,-19.3947,Replace,-1.5009,-1.7109
32,long,2025-02-08T13:30:00+00:00,2025-02-08T15:00:00+00:00,2620.23,2604.36,1.9233,4.0194,-34.5422,Replace,-0.5936,-1.1169
33,long,2025-02-08T15:00:00+00:00,2025-02-09T06:00:00+00:00,2604.36,2652.038285193289,1.8952,3.9848,86.3751,SL,-0.397,-0.4516
34,short,2025-02-09T11:30:00+00:00,2025-02-09T22:00:00+00:00,2653.74,2585.6913670269255,1.9576,4.1027,129.1093,SL,-0.0859,0.1817
35,long,2025-02-09T22:30:00+00:00,2025-02-10T21:30:00+00:00,2614.64,2658.154805193569,2.135,4.503,88.4011,SL,-1.2323,-1.5891
36,long,2025-02-12T11:30:00+00:00,2025-02-12T13:30:00+00:00,2625.94,2572.23421208123,2.2268,4.6301,-124.2222,SL,1.7651,1.5671
37,long,2025-02-13T15:00:00+00:00,2025-02-14T05:30:00+00:00,2644.0,2689.0830234754376,2.0706,4.4171,88.9318,SL,-1.9356,-1.9572
38,long,2025-02-14T13:30:00+00:00,2025-02-14T19:30:00+00:00,2699.78,2739.9297078163877,2.1267,4.6275,80.7589,SL,-1.0076,-1.0741
39,long,2025-02-16T04:30:00+00:00,2025-02-16T15:30:00+00:00,2702.42,2692.96,2.2143,4.7788,-25.7261,Replace,-0.3512,-0.6457
40,long,2025-02-16T15:30:00+00:00,2025-02-16T23:00:00+00:00,2692.96,2657.080615224393,2.1934,4.6939,-83.3918,SL,-0.4944,-0.4978
41,long,2025-02-17T05:30:00+00:00,2025-02-17T15:30:00+00:00,2669.98,2793.9381113710224,2.1185,4.6301,257.9751,SL,-1.1185,-1.1509
42,long,2025-02-18T14:00:00+00:00,2025-02-18T15:30:00+00:00,2717.97,2659.8086418712046,2.3659,5.0893,-142.6933,SL,1.4912,1.2498
43,long,2025-02-19T15:30:00+00:00,2025-02-20T05:30:00+00:00,2695.59,2728.4923495768335,2.2267,4.8311,68.4325,SL,-1.4916,-1.52
44,short,2025-02-21T00:30:00+00:00,2025-02-21T09:00:00+00:00,2734.16,2778.1634490847573,2.2704,5.0061,-104.9115,SL,-0.4743,-0.4701
45,long,2025-02-21T10:00:00+00:00,2025-02-21T15:30:00+00:00,2797.62,2742.9421694065463,2.1064,4.6683,-119.8416,SL,1.5036,1.2596
46,long,2025-02-22T09:00:00+00:00,2025-02-22T18:30:00+00:00,2705.0,2759.377863793878,2.0456,4.4712,106.7642,SL,1.4715,1.4034
47,long,2025-02-23T04:30:00+00:00,2025-02-23T08:30:00+00:00,2761.3,2800.4596066660724,2.1199,4.7161,78.2983,SL,-1.797,-1.956
48,long,2025-02-23T13:00:00+00:00,2025-02-24T03:00:00+00:00,2802.61,2750.5065602741774,2.1725,4.8257,-118.0204,SL,-0.5831,-0.9035
49,long,2025-02-24T20:00:00+00:00,2025-02-24T22:00:00+00:00,2648.6,2582.6689352769804,2.1651,4.5305,-147.2778,SL,-1.1909,-1.1912
50,long,2025-02-25T08:30:00+00:00,2025-02-26T05:30:00+00:00,2396.06,2481.1498366175206,2.2089,4.3093,183.6456,SL,-1.404,-1.4878
51,long,2025-02-26T06:30:00+00:00,2025-02-26T09:30:00+00:00,2499.95,2488.88,2.3375,4.6646,-30.5407,Replace,-0.4447,-0.4985
52,long,2025-02-26T09:30:00+00:00,2025-02-26T12:30:00+00:00,2488.88,2430.1755824630004,2.3111,4.5474,-140.2192,SL,-1.0382,-1.1983
53,long,2025-02-27T21:30:00+00:00,2025-02-28T01:30:00+00:00,2281.47,2202.973255005831,2.3368,4.1917,-187.6229,SL,-1.8531,-1.9425
54,long,2025-03-01T01:30:00+00:00,2025-03-01T11:00:00+00:00,2252.17,2175.0258812173333,2.1173,3.7495,-167.0867,SL,0.7262,0.5395
55,long,2025-03-02T03:00:00+00:00,2025-03-03T00:00:00+00:00,2218.7,2481.017966777553,1.9233,3.6156,500.9006,SL,0.1964,0.0694
56,long,2025-03-04T14:30:00+00:00,2025-03-05T00:30:00+00:00,2077.61,2160.638426149736,2.7772,4.7082,225.8784,SL,-0.6074,-0.821
57,long,2025-03-07T01:30:00+00:00,2025-03-09T16:30:00+00:00,2174.41,2075.432965621352,2.9652,5.0407,-298.5274,SL,-0.6295,-0.72
58,long,2025-03-10T09:30:00+00:00,2025-03-10T14:00:00+00:00,2100.93,2023.9928921119015,2.6426,4.3602,-207.6742,SL,1.2068,0.9689
59,long,2025-03-11T01:30:00+00:00,2025-03-12T00:00:00+00:00,1857.4,1917.3224451732021,2.6537,4.0068,155.0094,SL,-1.1593,-1.1674
60,short,2025-03-11T17:30:00+00:00,2025-03-13T19:00:00+00:00,1903.96,1855.4930346297701,2.5888,3.893,121.5783,SL,0.7283,0.7574
61,long,2025-03-12T16:00:00+00:00,2025-03-14T10:30:00+00:00,1864.92,1894.0268458110384,2.8923,4.3488,79.8369,SL,-1.3033,-1.3249
62,short,2025-03-13T23:30:00+00:00,2025-03-14T14:30:00+00:00,1863.88,1914.6742105895596,3.0896,4.6697,-161.6035,SL,1.1797,1.2396
63,long,2025-03-14T13:30:00+00:00,2025-03-15T14:00:00+00:00,1903.71,1924.3455589828548,3.1508,4.8246,60.1939,SL,1.6727,1.528
64,long,2025-03-15T15:00:00+00:00,2025-03-16T03:00:00+00:00,1933.94,1927.01,2.9442,4.547,-24.9503,Replace,1.1877,1.0708
65,long,2025-03-16T03:00:00+00:00,2025-03-16T11:00:00+00:00,1927.01,1902.3367615002649,2.916,4.4666,-76.4137,SL,-1.9029,-1.9387
66,long,2025-03-17T07:30:00+00:00,2025-03-17T23:00:00+00:00,1900.13,1930.2508439590424,2.8366,4.3461,81.0947,SL,-0.827,-0.9759
67,long,2025-03-18T14:30:00+00:00,2025-03-19T02:00:00+00:00,1894.01,1928.2416708891956,2.9742,4.5473,97.2646,SL,-1.4519,-1.8967
68,long,2025-03-19T08:30:00+00:00,2025-03-19T12:30:00+00:00,1939.74,2006.0035571862745,3.0545,4.8209,197.5811,SL,0.565,0.3205
69,long,2025-03-22T00:30:00+00:00,2025-03-23T05:00:00+00:00,1979.8,1996.929405168222,3.2921,5.2367,51.155,SL,-0.0037,-0.3301
70,long,2025-03-23T13:30:00+00:00,2025-03-23T17:30:00+00:00,2017.55,1994.4051894648276,3.3066,5.3064,-81.837,SL,-0.0299,-0.1968
71,long,2025-03-24T03:00:00+00:00,2025-03-24T13:00:00+00:00,2011.48,2075.267563878412,3.1945,5.222,198.5473,SL,-0.5214,-0.7675
72,long,2025-03-25T00:00:00+00:00,2025-03-25T03:00:00+00:00,2086.22,2049.460107481854,3.3656,5.5676,-129.2867,SL,-0.9085,-1.3139
73,long,2025-03-25T14:30:00+00:00,2025-03-26T05:30:00+00:00,2075.39,2058.09,3.1962,5.2846,-60.5788,Replace,0.0667,-0.1287
74,long,2025-03-26T05:30:00+00:00,2025-03-26T13:30:00+00:00,2058.09,2026.2249240601898,3.1348,5.1214,-105.012,SL,-1.4451,-1.7346
75,long,2025-03-30T08:30:00+00:00,2025-03-30T13:30:00+00:00,1845.99,1818.5245510796651,3.3243,4.8728,-96.1762,SL,0.6911,0.4199
76,long,2025-03-30T15:00:00+00:00,2025-03-30T22:00:00+00:00,1816.91,1782.406738593842,3.2187,4.634,-115.6897,SL,-1.4517,-1.7122
77,long,2025-03-31T01:00:00+00:00,2025-04-01T11:00:00+00:00,1815.94,1867.514974012644,3.0293,4.4633,151.7728,SL,-0.44,-0.4467
78,long,2025-04-01T14:30:00+00:00,2025-04-02T22:00:00+00:00,1881.48,1838.3647683059799,3.1658,4.7105,-141.2047,SL,-0.6335,-0.7034
79,long,2025-04-04T13:00:00+00:00,2025-04-05T04:30:00+00:00,1779.03,1808.7036881634983,3.11,4.4631,87.822,SL,-1.1334,-1.1486
80,long,2025-04-05T21:30:00+00:00,2025-04-06T13:30:00+00:00,1789.61,1760.3987677581163,3.2388,4.5991,-99.2084,SL,0.1519,-0.069
81,short,2025-04-07T23:30:00+00:00,2025-04-08T18:30:00+00:00,1552.44,1490.0552483125641,3.5419,4.3105,216.6501,SL,1.1045,1.5763
82,long,2025-04-09T13:30:00+00:00,2025-04-10T00:30:00+00:00,1486.8,1643.1573360454697,4.1354,5.1775,641.4227,SL,-0.6471,-0.9848
83,long,2025-04-10T12:00:00+00:00,2025-04-10T13:30:00+00:00,1612.72,1561.5912469222003,5.0057,6.3559,-262.2911,SL,-1.1153,-1.8557
84,long,2025-04-11T01:30:00+00:00,2025-04-12T16:30:00+00:00,1541.98,1637.7659383962855,4.7251,6.0098,446.5883,SL,-0.005,-0.2644
85,long,2025-04-13T03:00:00+00:00,2025-04-13T13:30:00+00:00,1622.13,1581.3809075009697,5.3175,6.8139,-223.4972,SL,-1.556,-1.6495
86,long,2025-04-15T09:00:00+00:00,2025-04-15T14:00:00+00:00,1643.3,1612.6822816872566,4.841,6.3049,-154.5253,SL,1.7431,1.6915
87,long,2025-04-16T06:30:00+00:00,2025-04-18T19:30:00+00:00,1575.77,1600.8320078081742,4.7543,6.041,113.1113,SL,-1.6297,-1.7061
88,short,2025-04-17T03:30:00+00:00,2025-04-19T09:30:00+00:00,1584.04,1597.68,4.7295,6.0192,-70.5296,Replace,0.7876,0.98
89,short,2025-04-19T09:30:00+00:00,2025-04-19T17:30:00+00:00,1597.68,1614.30151284033,4.769,6.1272,-85.3952,SL,0.0266,0.0424
90,long,2025-04-20T01:30:00+00:00,2025-04-20T07:00:00+00:00,1617.09,1598.6809730648704,4.5534,5.8571,-89.6807,SL,-0.0579,-0.204
91,long,2025-04-21T00:00:00+00:00,2025-04-21T10:00:00+00:00,1608.82,1636.26197746387,4.4095,5.7237,115.2817,SL,0.1541,-0.1552
92,long,2025-04-22T01:00:00+00:00,2025-04-22T17:00:00+00:00,1577.16,1683.1130893531797,4.7173,6.1519,493.6606,SL,0.6157,0.4839
93,long,2025-04-23T10:30:00+00:00,2025-04-24T08:00:00+00:00,1802.97,1750.8876514835026,4.9479,7.0337,-264.7319,SL,0.0134,-0.3359
94,short,2025-04-23T19:30:00+00:00,2025-04-24T11:30:00+00:00,1785.52,1752.8570045235333,4.9963,7.0715,156.1226,SL,-0.0149,0.2048
96,short,2025-04-25T17:30:00+00:00,2025-04-25T21:30:00+00:00,1784.79,1789.11,4.8158,6.8845,-27.6887,Replace,0.9929,1.1244
97,short,2025-04-25T21:30:00+00:00,2025-04-26T08:00:00+00:00,1789.11,1831.9944986961848,4.7577,6.8913,-210.9228,SL,-0.2264,-0.0501
95,long,2025-04-25T10:00:00+00:00,2025-04-26T08:30:00+00:00,1780.34,1809.0306956641195,4.8278,6.9315,131.5814,SL,1.752,1.5263
98,long,2025-04-27T14:00:00+00:00,2025-04-28T00:00:00+00:00,1798.26,1768.5570972790163,4.6012,6.5647,-143.2337,SL,-0.7657,-0.8638
99,short,2025-04-27T20:30:00+00:00,2025-04-28T03:00:00+00:00,1801.59,1778.538779257973,4.5927,6.577,99.2904,SL,1.5042,1.5608
100,long,2025-04-28T11:00:00+00:00,2025-04-28T13:30:00+00:00,1819.73,1785.3206346077427,4.4744,6.4522,-160.4134,SL,1.7069,1.6134
101,long,2025-04-29T06:00:00+00:00,2025-04-30T09:30:00+00:00,1812.52,1805.62,4.2267,6.1171,-35.2813,Replace,-0.2686,-0.6326
103,long,2025-04-30T09:30:00+00:00,2025-04-30T12:30:00+00:00,1805.62,1779.0804185306313,4.1842,5.9996,-117.0466,SL,-1.0514,-1.3655
102,short,2025-04-30T05:30:00+00:00,2025-04-30T14:00:00+00:00,1805.24,1759.7076730188994,4.2438,6.0516,187.1785,SL,1.4855,1.7807
104,long,2025-05-01T15:00:00+00:00,2025-05-02T07:00:00+00:00,1862.43,1822.766816422903,4.1696,6.1463,-171.5259,SL,1.3614,1.3413
105,long,2025-05-03T08:30:00+00:00,2025-05-04T23:30:00+00:00,1824.66,1806.4616585444983,3.9739,5.7719,-78.0903,SL,-1.9864,-1.9981
106,long,2025-05-06T22:00:00+00:00,2025-05-07T02:00:00+00:00,1799.89,1825.200346244893,3.8984,5.6528,93.017,SL,0.0222,-0.0669
107,long,2025-05-09T06:00:00+00:00,2025-05-09T08:30:00+00:00,2250.81,2372.7582229254567,3.2414,5.9947,389.2882,SL,0.5561,0.3628
108,long,2025-05-10T10:30:00+00:00,2025-05-11T00:00:00+00:00,2395.68,2533.3437675862497,3.5329,6.9655,479.3868,SL,1.5401,1.4148
109,short,2025-05-11T06:30:00+00:00,2025-05-12T07:30:00+00:00,2520.09,2613.5904756593704,3.9291,8.0683,-375.441,SL,-0.2224,0.1369
110,long,2025-05-13T09:00:00+00:00,2025-05-14T02:00:00+00:00,2479.5,2657.671280652687,3.5392,7.2726,623.3112,SL,1.8173,1.5999
111,long,2025-05-15T00:00:00+00:00,2025-05-15T05:30:00+00:00,2631.3,2564.6203529105424,4.0457,8.4085,-278.1743,SL,0.286,-0.0078
112,long,2025-05-15T15:30:00+00:00,2025-05-17T01:30:00+00:00,2563.03,2474.4117273733164,3.8278,7.7129,-346.926,SL,-0.5233,-0.8086
113,long,2025-05-17T14:00:00+00:00,2025-05-18T09:30:00+00:00,2478.97,2503.873679644522,3.5378,7.0513,81.0529,SL,-1.4258,-1.739
114,long,2025-05-19T13:30:00+00:00,2025-05-19T18:30:00+00:00,2426.03,2486.0698172589005,3.7152,7.2998,215.7602,SL,0.4187,0.3275
115,long,2025-05-20T19:30:00+00:00,2025-05-21T07:00:00+00:00,2499.89,2566.635271106711,3.8644,7.8316,250.0988,SL,-0.3569,-0.7196
116,long,2025-05-22T08:00:00+00:00,2025-05-23T12:00:00+00:00,2664.29,2572.981025054525,3.9075,8.1859,-364.9757,SL,1.3858,1.2224
117,long,2025-05-23T13:30:00+00:00,2025-05-25T00:30:00+00:00,2581.0,2490.5596605299365,3.6094,7.3221,-333.7575,SL,-1.745,-1.8489
118,short,2025-05-24T15:30:00+00:00,2025-05-25T03:30:00+00:00,2554.45,2517.8452201242458,3.6469,7.3993,126.0947,SL,-1.0596,-0.9767
120,short,2025-05-25T21:30:00+00:00,2025-05-26T00:00:00+00:00,2514.13,2553.334232128628,3.4576,7.0085,-142.5611,SL,1.079,1.7214
119,long,2025-05-25T09:30:00+00:00,2025-05-26T02:30:00+00:00,2494.21,2545.8616976307653,3.4852,7.0263,172.9902,SL,-1.8146,-1.8315
121,long,2025-05-27T03:00:00+00:00,2025-05-27T14:30:00+00:00,2551.9,2637.441256466638,3.4422,7.1451,287.305,SL,-0.7166,-0.8908
122,short,2025-05-29T11:30:00+00:00,2025-05-29T14:30:00+00:00,2715.03,2670.931238502009,3.5529,7.6543,149.0242,SL,-0.2252,0.0625
123,long,2025-05-30T02:00:00+00:00,2025-05-30T14:30:00+00:00,2618.41,2594.22,3.8547,8.0372,-101.2824,Replace,-1.6017,-1.74
124,long,2025-05-30T14:30:00+00:00,2025-05-30T16:30:00+00:00,2594.22,2531.6010010604364,3.7735,7.7369,-244.0297,SL,-1.6859,-1.7812
125,long,2025-05-31T21:00:00+00:00,2025-06-01T01:30:00+00:00,2543.1,2507.0323090592183,3.5615,7.1944,-135.6495,SL,0.78,0.5211
126,long,2025-06-01T11:00:00+00:00,2025-06-01T18:00:00+00:00,2498.5,2523.931282550373,3.4622,6.9555,81.0927,SL,-1.5308,-1.78
127,long,2025-06-03T13:00:00+00:00,2025-06-03T21:30:00+00:00,2620.38,2580.2338214938627,3.394,7.0604,-143.3165,SL,0.1533,-0.1174
128,long,2025-06-04T08:00:00+00:00,2025-06-04T14:00:00+00:00,2638.0,2594.306456432673,3.2084,6.7149,-146.9013,SL,0.8239,0.7463
129,long,2025-06-04T14:30:00+00:00,2025-06-05T10:30:00+00:00,2639.29,2592.684866736507,3.0398,6.3617,-148.0319,SL,-1.3101,-1.58
131,long,2025-06-05T11:00:00+00:00,2025-06-05T14:00:00+00:00,2602.69,2565.251926755657,2.9119,6.0194,-115.0353,SL,-1.5737,-1.7971
130,short,2025-06-04T17:30:00+00:00,2025-06-05T21:30:00+00:00,2634.15,2445.4398346608855,3.0457,6.1884,568.5662,SL,1.1061,1.2293
133,short,2025-06-06T22:00:00+00:00,2025-06-07T22:30:00+00:00,2487.87,2534.200888842697,3.5932,7.2181,-173.6943,SL,-1.053,-0.9225
132,long,2025-06-06T13:30:00+00:00,2025-06-08T00:00:00+00:00,2502.11,2520.292495044905,3.5728,7.1776,57.7848,SL,1.9978,1.8498
134,long,2025-06-09T16:00:00+00:00,2025-06-10T02:00:00+00:00,2566.12,2686.9240530855504,3.3481,7.0351,397.429,SL,1.0972,0.8687
135,long,2025-06-10T22:00:00+00:00,2025-06-11T07:00:00+00:00,2813.75,2795.29,3.4772,7.8015,-71.9906,Replace,1.0849,0.9008
136,long,2025-06-11T07:00:00+00:00,2025-06-11T17:30:00+00:00,2795.29,2832.5154249075426,3.4229,7.7054,119.7135,SL,0.4232,0.265
137,long,2025-06-13T15:30:00+00:00,2025-06-14T18:00:00+00:00,2550.13,2502.99,3.8928,7.8683,-191.3749,Replace,0.8633,0.6779
138,long,2025-06-14T18:00:00+00:00,2025-06-15T06:00:00+00:00,2502.99,2533.5625190476526,3.7367,7.528,106.7123,SL,-1.696,-1.9342
139,long,2025-06-15T22:00:00+00:00,2025-06-16T11:00:00+00:00,2538.46,2607.567595591691,3.8106,7.8438,255.4976,SL,-1.2745,-1.5339
140,long,2025-06-16T13:30:00+00:00,2025-06-16T22:30:00+00:00,2638.42,2589.1385602378678,3.9568,8.2738,-203.2706,SL,-0.1016,-0.4712
142,long,2025-06-18T08:00:00+00:00,2025-06-18T09:00:00+00:00,2535.73,2533.67,3.8765,7.8606,-15.8462,Replace,0.6544,0.531
143,long,2025-06-18T09:00:00+00:00,2025-06-18T10:30:00+00:00,2533.67,2491.7856825187105,3.8609,7.7611,-169.4723,SL,0.6523,0.6088
141,short,2025-06-18T03:00:00+00:00,2025-06-18T13:30:00+00:00,2521.34,2494.0600503642995,3.8987,7.8214,98.5349,SL,0.7974,0.8856
144,long,2025-06-20T06:00:00+00:00,2025-06-20T08:30:00+00:00,2520.54,2542.0741884734975,3.7966,7.6883,74.0684,SL,-1.1473,-1.6468
145,long,2025-06-21T08:00:00+00:00,2025-06-21T18:30:00+00:00,2424.87,2392.9350281108964,4.038,7.7817,-136.7351,SL,0.3771,0.1901
146,long,2025-06-22T11:00:00+00:00,2025-06-22T13:00:00+00:00,2275.7,2211.706937617929,4.1225,7.3997,-271.2111,SL,-1.2694,-1.5397
147,long,2025-06-22T20:30:00+00:00,2025-06-23T13:30:00+00:00,2186.76,2241.860607842868,3.9181,6.9407,208.949,SL,-1.7974,-1.8078
148,long,2025-06-23T17:30:00+00:00,2025-06-24T07:30:00+00:00,2273.4,2395.386893262202,4.0445,7.5532,485.8228,SL,-0.3492,-0.5846
149,long,2025-06-24T09:00:00+00:00,2025-06-24T13:00:00+00:00,2430.17,2413.06,4.3833,8.4917,-83.49,Replace,0.1507,-0.0102
150,long,2025-06-24T13:00:00+00:00,2025-06-26T09:00:00+00:00,2413.06,2468.4353193826387,4.3106,8.4169,230.284,SL,0.4671,0.46
151,long,2025-06-27T09:00:00+00:00,2025-06-27T17:30:00+00:00,2446.62,2404.583315642959,4.5338,8.7978,-199.3837,SL,0.6022,0.5379
152,long,2025-06-27T19:30:00+00:00,2025-06-28T19:30:00+00:00,2411.5,2432.0496309312966,4.3518,8.4313,80.9966,SL,-1.6351,-1.8484
153,short,2025-06-29T01:00:00+00:00,2025-06-29T09:30:00+00:00,2432.9,2452.5511551803575,4.4134,8.6246,-95.353,SL,1.0631,1.0691
154,long,2025-06-29T21:30:00+00:00,2025-06-30T03:00:00+00:00,2430.76,2497.250069737435,4.2996,8.4754,277.4053,SL,-1.3032,-1.7146
155,long,2025-06-30T15:30:00+00:00,2025-07-01T10:00:00+00:00,2473.38,2453.07,4.562,8.9898,-101.644,Replace,-0.288,-0.6383
156,short,2025-07-01T03:00:00+00:00,2025-07-01T14:00:00+00:00,2486.37,2453.5171288769125,4.5382,8.9673,140.1256,SL,-0.8726,-0.6437
157,long,2025-07-01T10:00:00+00:00,2025-07-01T14:30:00+00:00,2453.07,2419.832532252529,4.4755,8.7235,-157.4778,SL,-1.7082,-1.972
158,long,2025-07-02T01:30:00+00:00,2025-07-02T12:00:00+00:00,2410.35,2438.350637415944,4.5332,8.7921,118.1404,SL,-0.5461,-0.8506
159,long,2025-07-02T13:30:00+00:00,2025-07-02T17:30:00+00:00,2448.32,2552.036921180832,4.6076,9.2159,468.6702,SL,-0.4153,-0.5447
160,long,2025-07-03T13:30:00+00:00,2025-07-03T15:30:00+00:00,2623.82,2567.501449727272,4.8353,10.0406,-282.3577,SL,-0.5427,-1.0288
161,long,2025-07-05T17:00:00+00:00,2025-07-06T16:30:00+00:00,2499.7,2542.7732361310195,4.7365,9.5535,194.4629,SL,-1.7565,-1.7602
162,long,2025-07-07T08:00:00+00:00,2025-07-07T13:00:00+00:00,2573.92,2538.4629868333427,4.8266,9.8702,-181.007,SL,-0.6047,-0.7512
163,short,2025-07-08T08:30:00+00:00,2025-07-08T11:00:00+00:00,2545.12,2577.3022950416453,4.6679,9.5644,-159.7881,SL,1.3352,1.5302
164,long,2025-07-08T10:30:00+00:00,2025-07-08T20:30:00+00:00,2564.79,2601.082072544444,4.6321,9.5715,158.537,SL,0.8849,0.609
165,long,2025-07-09T04:30:00+00:00,2025-07-09T14:30:00+00:00,2602.39,2642.013866093416,4.5637,9.5736,171.2579,SL,-1.8557,-1.9006
166,long,2025-07-09T18:00:00+00:00,2025-07-10T08:00:00+00:00,2717.96,2784.3638672073057,4.5587,10.0334,292.6819,SL,1.8894,1.6869
167,long,2025-07-10T16:00:00+00:00,2025-07-11T00:00:00+00:00,2805.14,2929.2883102507435,4.73,10.8495,576.372,SL,-1.0381,-1.6848
168,long,2025-07-11T17:00:00+00:00,2025-07-12T07:00:00+00:00,2989.71,2969.52,5.0164,11.9576,-113.2387,Replace,-1.1692,-1.6253
169,long,2025-07-12T07:00:00+00:00,2025-07-12T12:30:00+00:00,2969.52,2917.443023373188,4.9361,11.6235,-268.6806,SL,0.1764,-0.1499
170,long,2025-07-13T07:30:00+00:00,2025-07-13T14:30:00+00:00,2960.86,2984.831498689673,4.6783,11.1263,101.0196,SL,1.9664,1.8138
171,long,2025-07-14T09:30:00+00:00,2025-07-15T01:00:00+00:00,3043.59,2978.105462265179,4.6507,11.202,-315.751,SL,0.4177,0.111
172,long,2025-07-15T16:00:00+00:00,2025-07-16T03:00:00+00:00,3042.64,3103.804287956267,4.3408,10.6722,254.8297,SL,0.683,0.5668
173,long,2025-07-16T12:30:00+00:00,2025-07-16T15:30:00+00:00,3163.44,3214.5930016221982,4.4167,11.2679,214.6595,SL,-0.1548,-0.473
174,long,2025-07-17T14:30:00+00:00,2025-07-17T17:30:00+00:00,3426.48,3423.63,4.2656,11.6879,-23.8449,Replace,-1.3051,-1.4954
175,long,2025-07-17T17:30:00+00:00,2025-07-18T07:30:00+00:00,3423.63,3618.1415809160912,4.2483,11.9662,814.3773,SL,-0.9088,-1.1992
176,long,2025-07-18T21:00:00+00:00,2025-07-19T15:30:00+00:00,3551.77,3551.37,4.7829,13.5894,-15.5026,Replace,-1.4353,-1.4589
177,long,2025-07-19T15:30:00+00:00,2025-07-20T17:00:00+00:00,3551.37,3768.5908342852695,4.7703,13.9674,1022.2412,SL,-0.5684,-0.8164
178,long,2025-07-20T22:30:00+00:00,2025-07-22T06:00:00+00:00,3746.36,3706.21,5.3406,15.9205,-230.3456,Replace,-1.3056,-1.3312
179,long,2025-07-22T06:00:00+00:00,2025-07-23T13:30:00+00:00,3706.21,3601.645566080542,5.212,15.2354,-560.2252,SL,-1.934,-1.95
180,long,2025-07-24T07:30:00+00:00,2025-07-24T16:30:00+00:00,3590.1,3682.273960027774,4.9124,14.2899,438.5054,SL,-1.8275,-1.9557
181,long,2025-07-26T02:30:00+00:00,2025-07-27T06:30:00+00:00,3741.46,3771.774190196992,5.0653,15.2227,138.3278,SL,1.8167,1.6928
182,long,2025-07-27T16:00:00+00:00,2025-07-28T07:00:00+00:00,3835.38,3903.0293521145813,5.0495,15.63,325.9654,SL,0.5064,0.3611
183,long,2025-07-30T01:30:00+00:00,2025-07-30T12:30:00+00:00,3789.91,3772.61,5.3681,16.2385,-109.1067,Replace,0.8687,0.8353
184,long,2025-07-30T12:30:00+00:00,2025-07-30T19:00:00+00:00,3772.61,3699.5683273486516,5.3059,15.8587,-403.4105,SL,-1.6536,-1.8329
185,long,2025-08-02T08:00:00+00:00,2025-08-02T17:30:00+00:00,3506.23,3426.115632733714,5.3639,14.8738,-444.5992,SL,-0.0812,-0.2787
186,long,2025-08-03T01:00:00+00:00,2025-08-03T14:00:00+00:00,3419.21,3468.6972485759666,5.1103,14.0797,238.815,SL,-1.1944,-1.6142
187,long,2025-08-03T23:00:00+00:00,2025-08-04T20:00:00+00:00,3507.86,3659.3156240066855,5.1854,14.8659,770.4921,SL,1.1813,1.0113
188,long,2025-08-06T05:00:00+00:00,2025-08-07T01:30:00+00:00,3625.8,3674.1639434772164,5.6542,16.5102,256.9492,SL,-1.0391,-1.6842
189,long,2025-08-08T03:00:00+00:00,2025-08-08T22:30:00+00:00,3950.51,4020.020738043523,5.3846,17.1672,357.1203,SL,0.807,0.7228
190,long,2025-08-09T15:00:00+00:00,2025-08-09T22:30:00+00:00,4198.57,4255.5594297921825,5.3216,17.9958,285.2792,SL,-1.0198,-1.1995
191,long,2025-08-10T01:00:00+00:00,2025-08-10T07:30:00+00:00,4294.06,4192.33252551705,5.4026,18.3394,-567.9323,SL,0.6213,0.3164
192,long,2025-08-10T14:30:00+00:00,2025-08-11T07:30:00+00:00,4217.96,4285.339488056635,5.0961,17.3335,326.0391,SL,-0.7779,-1.2307
193,short,2025-08-12T09:30:00+00:00,2025-08-12T12:30:00+00:00,4286.07,4365.978382023196,5.2434,18.1465,-437.1381,SL,1.0352,1.3248
194,long,2025-08-12T12:00:00+00:00,2025-08-12T13:30:00+00:00,4304.85,4365.431393179165,5.2205,18.1053,298.1599,SL,-0.6458,-0.7882
195,long,2025-08-13T00:30:00+00:00,2025-08-14T06:00:00+00:00,4613.44,4723.632570590538,4.7809,17.8558,508.9638,SL,1.8656,1.6441
196,long,2025-08-14T13:30:00+00:00,2025-08-15T15:00:00+00:00,4611.24,4438.605520557197,5.1143,18.5134,-901.418,SL,-1.9307,-1.9848
197,long,2025-08-17T02:30:00+00:00,2025-08-17T13:00:00+00:00,4432.55,4532.9872548783305,4.7104,16.8925,456.2071,SL,-1.1052,-1.4399
199,long,2025-08-19T01:00:00+00:00,2025-08-19T04:00:00+00:00,4315.46,4196.326595036123,5.1554,17.5527,-631.733,SL,-1.1947,-1.2979
198,short,2025-08-18T16:30:00+00:00,2025-08-19T08:30:00+00:00,4318.21,4265.699454606313,5.1521,17.6901,252.8495,SL,0.7647,0.8763
200,long,2025-08-20T14:30:00+00:00,2025-08-21T01:00:00+00:00,4211.15,4306.430423719307,5.0131,17.0798,460.5705,SL,-0.8963,-1.1563
201,long,2025-08-21T03:00:00+00:00,2025-08-21T10:30:00+00:00,4307.3,4289.24,5.222,17.9565,-112.2658,Replace,-1.6161,-1.7624
202,long,2025-08-21T10:30:00+00:00,2025-08-21T13:30:00+00:00,4289.24,4260.0,5.1655,17.6644,-168.7037,Replace,-0.8906,-1.2245
203,long,2025-08-21T13:30:00+00:00,2025-08-22T22:30:00+00:00,4260.0,4796.922939738265,5.0821,18.4113,2710.2848,SL,-1.1588,-1.1826
205,short,2025-08-23T17:00:00+00:00,2025-08-24T00:30:00+00:00,4729.67,4816.105792509135,6.2966,24.0424,-568.294,SL,1.6205,1.7971
204,long,2025-08-23T12:30:00+00:00,2025-08-24T01:00:00+00:00,4713.49,4764.746194110648,6.3182,23.9542,299.8927,SL,-1.0228,-1.3067
206,long,2025-08-24T04:30:00+00:00,2025-08-24T08:30:00+00:00,4792.31,4775.07,6.0463,23.1389,-127.3771,Replace,-0.0465,-0.0629
207,long,2025-08-24T08:30:00+00:00,2025-08-24T12:00:00+00:00,4775.07,4744.52,5.9881,22.8017,-205.7382,Replace,-0.8965,-0.9105
208,long,2025-08-24T12:00:00+00:00,2025-08-24T19:30:00+00:00,4744.52,4890.350530930466,5.8965,22.7248,837.1649,SL,-1.4785,-1.6477
209,long,2025-08-26T12:30:00+00:00,2025-08-27T07:00:00+00:00,4494.91,4576.444068514384,6.7827,24.6113,528.4098,SL,0.3936,0.3022
210,short,2025-08-27T03:00:00+00:00,2025-08-27T13:30:00+00:00,4553.05,4653.546411887082,6.6961,24.6593,-697.5933,SL,-0.8935,-0.8185
211,long,2025-08-27T09:00:00+00:00,2025-08-27T20:00:00+00:00,4609.58,4511.59419492589,6.9579,25.3857,-707.1611,SL,-0.8257,-0.9346
212,long,2025-08-28T13:00:00+00:00,2025-08-28T15:00:00+00:00,4596.1,4518.899401996072,6.0614,22.0999,-490.0436,SL,0.1744,-0.0196
213,long,2025-08-30T03:00:00+00:00,2025-08-31T05:00:00+00:00,4357.0,4452.036168373014,6.0566,21.3411,554.2549,SL,-0.5416,-0.7398
214,long,2025-08-31T11:30:00+00:00,2025-08-31T23:00:00+00:00,4474.2,4413.941206906252,6.2696,22.29,-400.0886,SL,0.6754,0.423
